"Carimbo de data/hora","Se você vai usar um aplicativo de saúde, qual tela você gostaria que fosse usada como tela de entrada?","Se você vai usar um aplicativo de saúde, qual tela você gostaria que fosse usada para a tela de login do usuário?","Sobre a facilidade para usar um aplicativo. Se você vai usar um aplicativo de saúde, qual a melhor forma de expor as opções para você?"
"2021/06/27 1:07:30 PM GMT-3","Opção 1: Uma tela lisa, só com a logo do aplicativo.","Opção 1: Com a logo do aplicativo.","Opção 2: Menu de opções em forma de galeria, somente com emoticons para selecionar."
"2021/06/28 10:31:44 AM GMT-3","Opção 2: Uma tela com imagem e a logo?","Opção 2: A logo e uma imagem.","Opção 1: Menu de opções em forma de lista, com rolagem e nome das opções."
"2021/06/28 10:32:02 AM GMT-3","Opção 1: Uma tela lisa, só com a logo do aplicativo.","Opção 1: Com a logo do aplicativo.","Opção 1: Menu de opções em forma de lista, com rolagem e nome das opções."
"2021/06/28 10:32:16 AM GMT-3","Opção 2: Uma tela com imagem e a logo?","Opção 2: A logo e uma imagem.","Opção 2: Menu de opções em forma de galeria, somente com emoticons para selecionar."
"2021/06/28 10:36:24 AM GMT-3","Opção 1: Uma tela lisa, só com a logo do aplicativo.","Opção 1: Com a logo do aplicativo.","Opção 1: Menu de opções em forma de lista, com rolagem e nome das opções."
"2021/06/28 10:37:53 AM GMT-3","Opção 1: Uma tela lisa, só com a logo do aplicativo.","Opção 1: Com a logo do aplicativo.","Opção 1: Menu de opções em forma de lista, com rolagem e nome das opções."
"2021/06/28 10:41:19 AM GMT-3","Opção 1: Uma tela lisa, só com a logo do aplicativo.","Opção 2: A logo e uma imagem.","Opção 1: Menu de opções em forma de lista, com rolagem e nome das opções."
"2021/06/28 10:41:28 AM GMT-3","","Opção 1: Com a logo do aplicativo.","Opção 1: Menu de opções em forma de lista, com rolagem e nome das opções."
"2021/06/28 10:44:31 AM GMT-3","Opção 1: Uma tela lisa, só com a logo do aplicativo.","Opção 2: A logo e uma imagem.","Opção 1: Menu de opções em forma de lista, com rolagem e nome das opções."
"2021/06/28 10:47:48 AM GMT-3","Opção 2: Uma tela com imagem e a logo?","Opção 2: A logo e uma imagem.","Opção 1: Menu de opções em forma de lista, com rolagem e nome das opções."
"2021/06/28 10:49:32 AM GMT-3","Opção 2: Uma tela com imagem e a logo?","Opção 1: Com a logo do aplicativo.","Opção 1: Menu de opções em forma de lista, com rolagem e nome das opções."
"2021/06/28 10:50:08 AM GMT-3","Opção 2: Uma tela com imagem e a logo?","Opção 1: Com a logo do aplicativo.","Opção 2: Menu de opções em forma de galeria, somente com emoticons para selecionar."
"2021/06/28 10:50:40 AM GMT-3","Opção 1: Uma tela lisa, só com a logo do aplicativo.","Opção 2: A logo e uma imagem.","Opção 1: Menu de opções em forma de lista, com rolagem e nome das opções."
"2021/06/28 10:51:53 AM GMT-3","Opção 1: Uma tela lisa, só com a logo do aplicativo.","Opção 1: Com a logo do aplicativo.","Opção 1: Menu de opções em forma de lista, com rolagem e nome das opções."
"2021/06/28 10:54:55 AM GMT-3","Opção 1: Uma tela lisa, só com a logo do aplicativo.","Opção 1: Com a logo do aplicativo.","Opção 1: Menu de opções em forma de lista, com rolagem e nome das opções."
"2021/06/28 10:55:33 AM GMT-3","Opção 2: Uma tela com imagem e a logo?","Opção 2: A logo e uma imagem.","Opção 1: Menu de opções em forma de lista, com rolagem e nome das opções."
"2021/06/28 10:56:56 AM GMT-3","Opção 2: Uma tela com imagem e a logo?","Opção 2: A logo e uma imagem.","Opção 1: Menu de opções em forma de lista, com rolagem e nome das opções."
"2021/06/28 10:58:44 AM GMT-3","Opção 1: Uma tela lisa, só com a logo do aplicativo.","Opção 1: Com a logo do aplicativo.","Opção 1: Menu de opções em forma de lista, com rolagem e nome das opções."
"2021/06/28 11:00:43 AM GMT-3","Opção 2: Uma tela com imagem e a logo?","Opção 1: Com a logo do aplicativo.","Opção 1: Menu de opções em forma de lista, com rolagem e nome das opções."
"2021/06/28 11:05:28 AM GMT-3","Opção 1: Uma tela lisa, só com a logo do aplicativo.","Opção 1: Com a logo do aplicativo.","Opção 2: Menu de opções em forma de galeria, somente com emoticons para selecionar."
"2021/06/28 11:06:11 AM GMT-3","Opção 1: Uma tela lisa, só com a logo do aplicativo.","Opção 1: Com a logo do aplicativo.","Opção 1: Menu de opções em forma de lista, com rolagem e nome das opções."
"2021/06/28 11:11:48 AM GMT-3","Opção 1: Uma tela lisa, só com a logo do aplicativo.","Opção 1: Com a logo do aplicativo.","Opção 2: Menu de opções em forma de galeria, somente com emoticons para selecionar."
"2021/06/28 11:13:51 AM GMT-3","Opção 1: Uma tela lisa, só com a logo do aplicativo.","Opção 1: Com a logo do aplicativo.","Opção 1: Menu de opções em forma de lista, com rolagem e nome das opções."
"2021/06/28 11:15:41 AM GMT-3","Opção 1: Uma tela lisa, só com a logo do aplicativo.","Opção 1: Com a logo do aplicativo.","Opção 2: Menu de opções em forma de galeria, somente com emoticons para selecionar."
"2021/06/28 11:17:16 AM GMT-3","Opção 2: Uma tela com imagem e a logo?","Opção 2: A logo e uma imagem.","Opção 2: Menu de opções em forma de galeria, somente com emoticons para selecionar."
"2021/06/28 11:21:38 AM GMT-3","Opção 2: Uma tela com imagem e a logo?","Opção 1: Com a logo do aplicativo.","Opção 1: Menu de opções em forma de lista, com rolagem e nome das opções."
"2021/06/28 11:30:44 AM GMT-3","Opção 2: Uma tela com imagem e a logo?","Opção 1: Com a logo do aplicativo.","Opção 1: Menu de opções em forma de lista, com rolagem e nome das opções."
"2021/06/28 11:31:48 AM GMT-3","Opção 2: Uma tela com imagem e a logo?","Opção 2: A logo e uma imagem.","Opção 2: Menu de opções em forma de galeria, somente com emoticons para selecionar."
"2021/06/28 11:31:52 AM GMT-3","Opção 1: Uma tela lisa, só com a logo do aplicativo.","Opção 1: Com a logo do aplicativo.","Opção 2: Menu de opções em forma de galeria, somente com emoticons para selecionar."
"2021/06/28 11:32:05 AM GMT-3","Opção 1: Uma tela lisa, só com a logo do aplicativo.","Opção 2: A logo e uma imagem.","Opção 1: Menu de opções em forma de lista, com rolagem e nome das opções."
"2021/06/28 11:32:16 AM GMT-3","Opção 1: Uma tela lisa, só com a logo do aplicativo.","Opção 1: Com a logo do aplicativo.","Opção 2: Menu de opções em forma de galeria, somente com emoticons para selecionar."
"2021/06/28 11:40:20 AM GMT-3","Opção 1: Uma tela lisa, só com a logo do aplicativo.","Opção 1: Com a logo do aplicativo.","Opção 2: Menu de opções em forma de galeria, somente com emoticons para selecionar."
"2021/06/28 11:47:11 AM GMT-3","Opção 2: Uma tela com imagem e a logo?","Opção 2: A logo e uma imagem.","Opção 1: Menu de opções em forma de lista, com rolagem e nome das opções."
"2021/06/28 12:16:53 PM GMT-3","Opção 2: Uma tela com imagem e a logo?","Opção 2: A logo e uma imagem.","Opção 1: Menu de opções em forma de lista, com rolagem e nome das opções."
"2021/06/28 12:17:21 PM GMT-3","Opção 2: Uma tela com imagem e a logo?","Opção 2: A logo e uma imagem.","Opção 1: Menu de opções em forma de lista, com rolagem e nome das opções."
"2021/06/28 12:31:37 PM GMT-3","Opção 2: Uma tela com imagem e a logo?","Opção 2: A logo e uma imagem.","Opção 1: Menu de opções em forma de lista, com rolagem e nome das opções."
"2021/06/28 12:38:33 PM GMT-3","Opção 2: Uma tela com imagem e a logo?","Opção 2: A logo e uma imagem.","Opção 1: Menu de opções em forma de lista, com rolagem e nome das opções."
"2021/06/28 12:47:58 PM GMT-3","Opção 1: Uma tela lisa, só com a logo do aplicativo.","Opção 1: Com a logo do aplicativo.","Opção 1: Menu de opções em forma de lista, com rolagem e nome das opções."
"2021/06/28 1:05:25 PM GMT-3","Opção 1: Uma tela lisa, só com a logo do aplicativo.","Opção 1: Com a logo do aplicativo.","Opção 1: Menu de opções em forma de lista, com rolagem e nome das opções."
"2021/06/28 1:12:47 PM GMT-3","Opção 1: Uma tela lisa, só com a logo do aplicativo.","Opção 1: Com a logo do aplicativo.","Opção 2: Menu de opções em forma de galeria, somente com emoticons para selecionar."
"2021/06/28 1:54:15 PM GMT-3","Opção 2: Uma tela com imagem e a logo?","Opção 1: Com a logo do aplicativo.","Opção 1: Menu de opções em forma de lista, com rolagem e nome das opções."
"2021/06/28 1:59:31 PM GMT-3","Opção 2: Uma tela com imagem e a logo?","Opção 2: A logo e uma imagem.","Opção 2: Menu de opções em forma de galeria, somente com emoticons para selecionar."
"2021/06/28 1:59:45 PM GMT-3","","",""
"2021/06/28 2:02:43 PM GMT-3","Opção 2: Uma tela com imagem e a logo?","Opção 2: A logo e uma imagem.","Opção 2: Menu de opções em forma de galeria, somente com emoticons para selecionar."
"2021/06/28 2:03:58 PM GMT-3","Opção 2: Uma tela com imagem e a logo?","Opção 2: A logo e uma imagem.","Opção 1: Menu de opções em forma de lista, com rolagem e nome das opções."
"2021/06/28 2:06:08 PM GMT-3","Opção 2: Uma tela com imagem e a logo?","Opção 1: Com a logo do aplicativo.","Opção 1: Menu de opções em forma de lista, com rolagem e nome das opções."
"2021/06/28 2:10:13 PM GMT-3","Opção 2: Uma tela com imagem e a logo?","Opção 1: Com a logo do aplicativo.","Opção 2: Menu de opções em forma de galeria, somente com emoticons para selecionar."
"2021/06/28 3:54:04 PM GMT-3","Opção 2: Uma tela com imagem e a logo?","Opção 1: Com a logo do aplicativo.","Opção 1: Menu de opções em forma de lista, com rolagem e nome das opções."
"2021/06/28 5:13:46 PM GMT-3","Opção 2: Uma tela com imagem e a logo?","Opção 2: A logo e uma imagem.","Opção 2: Menu de opções em forma de galeria, somente com emoticons para selecionar."
"2021/06/28 5:26:17 PM GMT-3","Opção 2: Uma tela com imagem e a logo?","Opção 2: A logo e uma imagem.","Opção 1: Menu de opções em forma de lista, com rolagem e nome das opções."
"2021/06/28 6:18:38 PM GMT-3","Opção 2: Uma tela com imagem e a logo?","Opção 2: A logo e uma imagem.","Opção 1: Menu de opções em forma de lista, com rolagem e nome das opções."
"2021/06/28 6:59:54 PM GMT-3","Opção 2: Uma tela com imagem e a logo?","Opção 2: A logo e uma imagem.","Opção 2: Menu de opções em forma de galeria, somente com emoticons para selecionar."
"2021/06/28 7:56:17 PM GMT-3","Opção 2: Uma tela com imagem e a logo?","Opção 2: A logo e uma imagem.","Opção 2: Menu de opções em forma de galeria, somente com emoticons para selecionar."
"2021/06/28 8:07:02 PM GMT-3","Opção 1: Uma tela lisa, só com a logo do aplicativo.","Opção 1: Com a logo do aplicativo.","Opção 1: Menu de opções em forma de lista, com rolagem e nome das opções."
"2021/06/28 10:59:14 PM GMT-3","Opção 2: Uma tela com imagem e a logo?","Opção 1: Com a logo do aplicativo.","Opção 1: Menu de opções em forma de lista, com rolagem e nome das opções."
"2021/06/29 5:57:01 PM GMT-3","Opção 2: Uma tela com imagem e a logo?","Opção 1: Com a logo do aplicativo.","Opção 1: Menu de opções em forma de lista, com rolagem e nome das opções."
"2021/06/29 7:03:23 PM GMT-3","Opção 2: Uma tela com imagem e a logo?","Opção 2: A logo e uma imagem.","Opção 1: Menu de opções em forma de lista, com rolagem e nome das opções."